UserId,ProjectName,Mean,StandardDeviation 
1,Project1,9.285714285714286,8.046085743907987 
1,Project2,4.066666666666666,5.271480413235589 
2,Project1,3.857142857142857,5.016375301352677 
